full_name;url
Финатлон для старшеклассников - Всероссийская олимпиада по финансовой грамотности, устойчивому развитию и защите прав потребителей финансовых услуг;https://fin-olymp.ru
Формула Единства/Третье тысячелетие;https://formulo.org
"XVIII Южно-Российская межрегиональная олимпиада школьников ""Архитектура и искусство"" по комплексу предметов (рисунок, живопись, композиция, черчение)";https://arh.olymp.sfedu.ru
Всероссийская академическая олимпиада школьников имени В.И. Вернадского;https://vernadsky-olymp.ru
"Всероссийская междисциплинарная олимпиада школьников 8–11 классов ""Национальная технологическая олимпиада""";https://ntcontest.ru
"Всероссийская олимпиада по агрогенетике для школьников старших классов ""Иннагрика""";https://innagrika.ru
Всероссийская олимпиада по искусственному интеллекту;https://ai-olymp.ru
"Всероссийская олимпиада школьников ""Высшая проба""";https://olymp.hse.ru
"Всероссийская олимпиада школьников ""Миссия выполнима. Твое призвание – финансист!""";https://finance-olymp.ru
"Всероссийская олимпиада школьников ""Юридические высоты!""";https://law-olymp.ru
Всероссийская Сеченовская олимпиада школьников;https://olympiad.sechenov.ru
Всероссийская Толстовская олимпиада школьников;https://tolstoy-olymp.ru
"Всероссийский конкурс научных работ школьников ""Юниор""";https://junior.science
Всесибирская открытая олимпиада школьников;https://vsosh.ru
Вузовско-академическая олимпиада по информатике;https://vao-it.ru
Герценовская олимпиада школьников;https://olymp.herzen.spb.ru
Городская открытая олимпиада школьников по физике;https://physolymp.ru
Инженерная олимпиада школьников;https://engolymp.ru
Интернет-олимпиада школьников по физике;https://distolymp.spb.ru
Кутафинская олимпиада школьников по праву;https://msal.ru/olymp
Международная музыкальная олимпиада;https://musical-olympiad.ru
"Международная олимпиада ""Innopolis Open""";https://innopolis.university/olympiad
Международная олимпиада по финансовой безопасности;https://fincup.ru
"Международная олимпиада школьников ""Евразийская лингвистическая олимпиада""";https://elo.linguanet.ru
"Международная олимпиада школьников ""Искусство графики""";https://graphic-olymp.ru
"Международная олимпиада школьников УрФУ ""Изумруд""";https://izumrud.urfu.ru
"Межрегиональная олимпиада по праву ""ФЕМИДА""";https://femida-law.ru
"Межрегиональная олимпиада школьников ""Архитектура и искусство"" (рисунок, композиция)";https://arh.olymp.sfedu.ru
"Межрегиональная олимпиада школьников ""Будущие исследователи – будущее науки""";https://future-science.ru
Межрегиональная олимпиада школьников имени В.Е. Татлина;https://tatlin-olymp.ru
Межрегиональная олимпиада школьников имени И.Я. Верченко;https://verchenko-olymp.ru
Межрегиональная олимпиада школьников на базе ведомственных образовательных организаций;
Межрегиональная химическая олимпиада школьников имени академика П.Д. Саркисова;https://sarkisov-chem.ru
Межрегиональные предметные олимпиады КФУ;https://kpfu.ru/olympiad
"Многопредметная олимпиада ""Юные таланты""";https://utalents.ru
"Многопрофильная инженерная олимпиада ""Звезда""";https://zvezda-olymp.ru
Московская олимпиада школьников;https://mosolymp.ru
Московская открытая олимпиада школьников по геологии;https://geo.olymp.msu.ru
Оборонно-техническая олимпиада;https://oboronteh.ru
"Общероссийская олимпиада школьников ""Основы православной культуры""";https://opk.pravolimp.ru
Объединенная межвузовская олимпиада школьников;https://omus.msu.ru
Океан знаний;https://oceanofknowledge.ru
Олимпиада Курчатов;https://kurchatov-olymp.ru
Олимпиада МГИМО МИД России для школьников;https://mgimo.ru/olympiad
"Олимпиада по комплексу предметов ""Культура и искусство""";https://culture-olymp.ru
"Олимпиада по химии и химической технологии ""Потомки Менделеева""";https://mendeleev-olymp.ru
"Олимпиада по экономике ""Сибириада. Шаг в мечту""";https://sibiriada.ru
Олимпиада РГГУ для школьников;https://rsuh.ru/olympiad
"Олимпиада школьников ""Гранит науки""";https://granitnauki.ru
"Олимпиада школьников ""Ломоносов""";https://olymp.msu.ru
"Олимпиада школьников ""Надежда энергетики""";https://energy-hope.ru
"Олимпиада школьников ""Покори Воробьевы горы!""";https://pvg.msu.ru
"Олимпиада школьников ""Робофест""";https://robofest.ru
"Олимпиада школьников ""Физтех""";https://olymp.mipt.ru
"Олимпиада школьников ""Шаг в будущее""";https://step-into-the-future.ru
Олимпиада школьников по информатике и программированию;https://olymp-it.ru
"Олимпиада школьников по программированию ""ТехноКубок""";https://technocup.ru
Олимпиада школьников РАНХиГС;https://ranepa.ru/olymp
Олимпиада школьников СПбГУ;https://olympiad.spbu.ru
"Олимпиада школьников РПА Минюста России ""В мир права""";https://rpa-mu.ru/olymp
Олимпиада Юношеской математической школы;https://yms.ru/olympiad
"Открытая межвузовская олимпиада школьников СФО ""Будущее Сибири""";https://future-siberia.ru
"Открытая олимпиада СКФУ ""45 параллель""";https://ncfu.ru/olymp/45
Открытая олимпиада школьников;https://openolymp.ru
Открытая олимпиада школьников по программированию;https://olympiads.ru
"Открытая олимпиада школьников по программированию ""Когнитивные технологии""";https://cognitive-olymp.ru
Открытая региональная межвузовская олимпиада школьников (ОРМО);https://ormo-olymp.ru
Открытая химическая олимпиада;https://chemolymp.ru
"Отраслевая олимпиада школьников ""Газпром""";https://gazprom-olymp.ru
"Отраслевая физико-математическая олимпиада школьников ""Росатом""";https://rosatom-olymp.ru
Пироговская олимпиада для школьников по химии и биологии;https://pirogov-olymp.ru
Плехановская олимпиада школьников;https://plekh-olymp.ru
Региональный конкурс школьников Челябинского университетского образовательного округа;https://cuoo74.ru
Санкт-Петербургская астрономическая олимпиада;https://astroolymp.spb.ru
Санкт-Петербургская олимпиада школьников;https://spbolymp.ru
Северо-Восточная олимпиада школьников;https://sever-olymp.ru
"Сибирская межрегиональная олимпиада школьников ""Архитектурно-дизайнерское творчество""";https://archdesign-olymp.ru
Строгановская олимпиада;https://stroganov-olymp.ru
Твой путь в настоящую науку;https://science-path.ru
"Телевизионная гуманитарная олимпиада школьников ""Умницы и умники""";https://umniki-olymp.ru
Турнир городов;https://turgor.ru
Турнир имени М.В. Ломоносова;https://turlom.ru
"Университетская олимпиада школьников ""Бельчонок""";https://belchonok.ru
