"Автономная некоммерческая образовательная организация высшего образования ""Калининградский институт управления"" "; https://www.kiu.ru;short_name
"Автономная некоммерческая образовательная организация высшего образования Центросоюза Российской Федерации ""Сибирский университет потребительской кооперации"" "; https://www.sibupk.su;Сибирский университет потребительской кооперации
"Автономная некоммерческая организация высшего образования ""Волгоградский институт бизнеса"" "; https://www.vib-vlg.ru;Волгоградский институт бизнеса
"Автономная некоммерческая организация высшего образования ""Национальный институт финансовых рынков и управления"" ";;Национальный институт финансовых рынков и управления
"Автономная некоммерческая организация высшего образования ""Российский новый университет"" "; https://rosnou.ru;Российский новый университет
"Автономная некоммерческая организация высшего образования ""Университет Иннополис"" "; https://innopolis.university;Университет Иннополис
"Автономная некоммерческая организация высшего образования ""Университет мировых цивилизаций имени В.В. Жириновского"" "; https://umc.edu.ru;Университет мировых цивилизаций имени В.В. Жириновского
"Автономная некоммерческая организация высшего образования ""Центральный университет"" "; https://centraluniversity.ru;Центральный университет
"Аккредитованное образовательное частное учреждение высшего образования ""Московский финансово-юридический университет МФЮА"" "; https://www.mfua.ru;Московский финансово-юридический университет МФЮА
"Бюджетное учреждение высшего образования Ханты-Мансийского автономного округа - Югры ""Сургутский государственный университет"" "; https://www.surgu.ru;Сургутский государственный университет
"Государственное автономное образовательное учреждение высшего образования города Москвы ""Московский городской педагогический университет"" "; https://www.mgpu.ru;Московский городской педагогический университет
"Государственное бюджетное образовательное учреждение Астраханской области высшего образования ""Астраханский государственный архитектурно-строительный университет"" "; https://www.agasu.ru;Астраханский государственный архитектурно-строительный университет
"Государственное образовательное учреждение высшего образования Московской области ""Государственный социально-гуманитарный университет"" "; https://www.gsgu.ru;Государственный социально-гуманитарный университет
Департамент образования и науки города Москвы ; https://www.mos.ru/donm/;Департамент образования и науки города Москвы 
Департамент образования и науки Тюменской области ; https://admtyumen.ru/ogv_ru/society/education/;Департамент образования и науки Тюменской области 
Департамент образования и науки Ханты-Мансийского автономного округа - Югры ; https://depobr.admhmao.ru;Департамент образования и науки Ханты-Мансийского автономного округа - Югры 
Комитет по науке и высшей школе Санкт-Петербурга ; https://knvsh.gov.spb.ru;Комитет по науке и высшей школе Санкт-Петербурга 
Комитет по образованию Санкт-Петербурга ; https://k-obr.spb.ru;Комитет по образованию Санкт-Петербурга 
Министерство науки и высшего образования Российской Федерации ; https://minobrnauki.gov.ru;Министерство науки и высшего образования Российской Федерации 
Министерство образования и науки Мурманской области ; https://minobr.gov-murman.ru;Министерство образования и науки Мурманской области 
Министерство образования и науки Пермского края ; https://minobr.permkrai.ru;Министерство образования и науки Пермского края 
Министерство образования и науки Республики Бурятия ; https://egov-buryatia.ru/minobr/;Министерство образования и науки Республики Бурятия 
Министерство образования и науки Челябинской области ; https://minobr74.ru;Министерство образования и науки Челябинской области 
Министерство образования Иркутской области ; https://irkobl.ru/sites/minobr/;Министерство образования Иркутской области 
Министерство образования Новосибирской области ; https://minobr.nso.ru;Министерство образования Новосибирской области 
"Федеральное государственное автономное образовательное учреждение высшего образования ""Московский политехнический университет"" "; https://mospolytech.ru;Московский политехнический университет
"Федеральное государственное автономное образовательное учреждение высшего образования ""Московский физико-технический институт (национальный исследовательский университет)"" "; https://mipt.ru;Московский физико-технический институт (национальный исследовательский университет)
"Федеральное государственное автономное образовательное учреждение высшего образования ""Мурманский арктический университет"" "; https://mauniver.ru;Мурманский арктический университет
"Федеральное государственное автономное образовательное учреждение высшего образования ""Национальный исследовательский Нижегородский государственный университет им. Н.И. Лобачевского"" "; https://www.unn.ru;Национальный исследовательский Нижегородский государственный университет им. Н.И. Лобачевского
"Федеральное государственное автономное образовательное учреждение высшего образования ""Национальный исследовательский технологический университет ""МИСИС"""" "; https://misis.ru;Национальный исследовательский технологический университет 
"Федеральное государственное автономное образовательное учреждение высшего образования ""Национальный исследовательский Томский государственный университет"" "; https://www.tsu.ru;Национальный исследовательский Томский государственный университет
"Федеральное государственное автономное образовательное учреждение высшего образования ""Национальный исследовательский Томский политехнический университет"" "; https://tpu.ru;Национальный исследовательский Томский политехнический университет
"Федеральное государственное автономное образовательное учреждение высшего образования ""Национальный исследовательский университет ""Высшая школа экономики"""" "; https://www.hse.ru;Национальный исследовательский университет 
"Федеральное государственное автономное образовательное учреждение высшего образования ""Национальный исследовательский университет ""Московский институт электронной техники"""" "; https://www.miet.ru;Национальный исследовательский университет 
"Федеральное государственное автономное образовательное учреждение высшего образования ""Национальный исследовательский университет ИТМО"" "; https://itmo.ru;Национальный исследовательский университет ИТМО
"Федеральное государственное автономное образовательное учреждение высшего образования ""Национальный исследовательский ядерный университет ""МИФИ"""" "; https://mephi.ru;Национальный исследовательский ядерный университет 
"Федеральное государственное автономное образовательное учреждение высшего образования ""Новосибирский национальный исследовательский государственный университет"" "; https://www.nsu.ru;Новосибирский национальный исследовательский государственный университет
"Федеральное государственное автономное образовательное учреждение высшего образования ""Омский государственный технический университет"" "; https://omgtu.ru;Омский государственный технический университет
"Федеральное государственное автономное образовательное учреждение высшего образования ""Пермский государственный национальный исследовательский университет"" "; https://www.psu.ru;Пермский государственный национальный исследовательский университет
"Федеральное государственное автономное образовательное учреждение высшего образования ""Пермский национальный исследовательский политехнический университет"" "; https://pstu.ru;Пермский национальный исследовательский политехнический университет
"Федеральное государственное автономное образовательное учреждение высшего образования ""Российский государственный гуманитарный университет"" "; https://www.rsuh.ru;Российский государственный гуманитарный университет
"Федеральное государственное автономное образовательное учреждение высшего образования ""Российский государственный университет нефти и газа (национальный исследовательский университет) имени И.М. Губкина"" "; https://gubkin.ru;Российский государственный университет нефти и газа (национальный исследовательский университет) имени И.М. Губкина
"Федеральное государственное автономное образовательное учреждение высшего образования ""Российский национальный исследовательский медицинский университет имени Н.И. Пирогова"" Министерства здравоохранения Российской Федерации "; https://rsmu.ru;Российский национальный исследовательский медицинский университет имени Н.И. Пирогова
"Федеральное государственное автономное образовательное учреждение высшего образования ""Российский университет дружбы народов имени Патриса Лумумбы"" "; https://www.rudn.ru;Российский университет дружбы народов имени Патриса Лумумбы
"Федеральное государственное автономное образовательное учреждение высшего образования ""Российский университет транспорта"" "; https://rut-miit.ru;Российский университет транспорта
"Федеральное государственное автономное образовательное учреждение высшего образования ""Самарский государственный экономический университет"" "; https://www.sseu.ru;Самарский государственный экономический университет
"Федеральное государственное автономное образовательное учреждение высшего образования ""Самарский национальный исследовательский университет имени академика С.П. Королева"" "; https://ssau.ru;Самарский национальный исследовательский университет имени академика С.П. Королева
"Федеральное государственное автономное образовательное учреждение высшего образования ""Санкт-Петербургский государственный университет аэрокосмического приборостроения"" "; https://guap.ru;Санкт-Петербургский государственный университет аэрокосмического приборостроения
"Федеральное государственное автономное образовательное учреждение высшего образования ""Санкт-Петербургский государственный электротехнический университет ""ЛЭТИ"" им. В.И. Ульянова (Ленина)"" "; https://etu.ru; им. В.И. Ульянова (Ленина)
"Федеральное государственное автономное образовательное учреждение высшего образования ""Санкт-Петербургский политехнический университет Петра Великого"" "; https://www.spbstu.ru;Санкт-Петербургский политехнический университет Петра Великого
"Федеральное государственное автономное образовательное учреждение высшего образования ""Севастопольский государственный университет"" "; https://www.sevsu.ru;Севастопольский государственный университет
"Федеральное государственное автономное образовательное учреждение высшего образования ""Северный (Арктический) федеральный университет имени М.В. Ломоносова"" "; https://narfu.ru;Северный (Арктический) федеральный университет имени М.В. Ломоносова
"Федеральное государственное автономное образовательное учреждение высшего образования ""Северо-Восточный федеральный университет имени М.К. Аммосова"" "; https://www.s-vfu.ru;Северо-Восточный федеральный университет имени М.К. Аммосова
"Федеральное государственное автономное образовательное учреждение высшего образования ""Северо-Кавказский федеральный университет"" "; https://ncfu.ru;Северо-Кавказский федеральный университет
"Федеральное государственное автономное образовательное учреждение высшего образования ""Сибирский федеральный университет"" "; https://www.sfu-kras.ru;Сибирский федеральный университет
"Федеральное государственное автономное образовательное учреждение высшего образования ""Томский государственный университет систем управления и радиоэлектроники"" "; https://tusur.ru;Томский государственный университет систем управления и радиоэлектроники
"Федеральное государственное автономное образовательное учреждение высшего образования ""Тюменский государственный университет"" "; https://www.utmn.ru;Тюменский государственный университет
"Федеральное государственное автономное образовательное учреждение высшего образования ""Уральский федеральный университет имени первого Президента России Б.Н. Ельцина"" "; https://urfu.ru;Уральский федеральный университет имени первого Президента России Б.Н. Ельцина
"Федеральное государственное автономное образовательное учреждение высшего образования ""Южно-Уральский государственный университет (национальный исследовательский университет)"" "; https://www.susu.ru;Южно-Уральский государственный университет (национальный исследовательский университет)
"Федеральное государственное автономное образовательное учреждение высшего образования ""Южный федеральный университет"" "; https://sfedu.ru;Южный федеральный университет
Федеральное государственное автономное образовательное учреждение высшего образования Первый Московский государственный медицинский университет имени И.М. Сеченова Министерства здравоохранения Российской Федерации (Сеченовский Университет) ; https://www.sechenov.ru;Федеральное государственное автономное образовательное учреждение высшего образования Первый Московский государственный медицинский университет имени И.М. Сеченова Министерства здравоохранения Российской Федерации (Сеченовский Университет) 
"Федеральное государственное бюджетное образовательное учреждение высшего образования ""Адыгейский государственный университет"" "; https://www.adygnet.ru;Адыгейский государственный университет
"Федеральное государственное бюджетное образовательное учреждение высшего образования ""Алтайский государственный педагогический университет"" "; https://www.altspu.ru;Алтайский государственный педагогический университет
"Федеральное государственное бюджетное образовательное учреждение высшего образования ""Алтайский государственный технический университет им. И.И. Ползунова"" "; https://www.altstu.ru;Алтайский государственный технический университет им. И.И. Ползунова
"Федеральное государственное бюджетное образовательное учреждение высшего образования ""Алтайский государственный университет"" "; https://www.asu.ru;Алтайский государственный университет
"Федеральное государственное бюджетное образовательное учреждение высшего образования ""Амурский государственный университет"" "; https://www.amursu.ru;Амурский государственный университет
"Федеральное государственное бюджетное образовательное учреждение высшего образования ""Байкальский государственный университет"" "; https://www.bgu.ru;Байкальский государственный университет
"Федеральное государственное бюджетное образовательное учреждение высшего образования ""Балтийский государственный технический университет «ВОЕНМЕХ» им. Д.Ф. Устинова"" "; https://voenmeh.ru;Балтийский государственный технический университет «ВОЕНМЕХ» им. Д.Ф. Устинова
"Федеральное государственное бюджетное образовательное учреждение высшего образования ""Белгородский государственный технологический университет им. В.Г. Шухова"" "; https://www.bstu.ru;Белгородский государственный технологический университет им. В.Г. Шухова
"Федеральное государственное бюджетное образовательное учреждение высшего образования ""Благовещенский государственный педагогический университет"" "; https://www.bgpu.ru;Благовещенский государственный педагогический университет
"Федеральное государственное бюджетное образовательное учреждение высшего образования ""Бурятский государственный университет имени Доржи Банзарова"" "; https://www.bsu.ru;Бурятский государственный университет имени Доржи Банзарова
"Федеральное государственное бюджетное образовательное учреждение высшего образования ""Владимирский государственный университет имени Александра Григорьевича и Николая Григорьевича Столетовых"" "; https://vlsu.ru;Владимирский государственный университет имени Александра Григорьевича и Николая Григорьевича Столетовых
"Федеральное государственное бюджетное образовательное учреждение высшего образования ""Волгоградский государственный социально-педагогический университет"" "; https://www.vspu.ru;Волгоградский государственный социально-педагогический университет
"Федеральное государственное бюджетное образовательное учреждение высшего образования ""Волгоградский государственный технический университет"" "; https://www.vstu.ru;Волгоградский государственный технический университет
"Федеральное государственное бюджетное образовательное учреждение высшего образования ""Воронежский государственный педагогический университет"" "; https://www.vspu.ac.ru;Воронежский государственный педагогический университет
"Федеральное государственное бюджетное образовательное учреждение высшего образования ""Воронежский государственный технический университет"" "; https://cchgeu.ru;Воронежский государственный технический университет
"Федеральное государственное бюджетное образовательное учреждение высшего образования ""Воронежский государственный университет"" "; https://www.vsu.ru;Воронежский государственный университет
"Федеральное государственное бюджетное образовательное учреждение высшего образования ""Всероссийский государственный университет юстиции (РПА Минюста России)"" "; https://rpa-mu.ru;Всероссийский государственный университет юстиции (РПА Минюста России)
"Федеральное государственное бюджетное образовательное учреждение высшего образования ""Вятский государственный университет"" "; https://www.vyatsu.ru;Вятский государственный университет
"Федеральное государственное бюджетное образовательное учреждение высшего образования ""Глазовский государственный инженерно-педагогический университет имени В.Г. Короленко"" "; https://ggpi.org;Глазовский государственный инженерно-педагогический университет имени В.Г. Короленко
"Федеральное государственное бюджетное образовательное учреждение высшего образования ""Горно-Алтайский государственный университет"" "; https://www.gasu.ru;Горно-Алтайский государственный университет
"Федеральное государственное бюджетное образовательное учреждение высшего образования ""Дагестанский государственный педагогический университет им. Р. Гамзатова"" "; https://dspu.ru;Дагестанский государственный педагогический университет им. Р. Гамзатова
"Федеральное государственное бюджетное образовательное учреждение высшего образования ""Дагестанский государственный технический университет"" "; https://dstu.ru;Дагестанский государственный технический университет
"Федеральное государственное бюджетное образовательное учреждение высшего образования ""Дагестанский государственный университет"" "; https://www.dgu.ru;Дагестанский государственный университет
"Федеральное государственное бюджетное образовательное учреждение высшего образования ""Дипломатическая академия Министерства иностранных дел Российской Федерации"" "; https://dipacademy.ru;Дипломатическая академия Министерства иностранных дел Российской Федерации
"Федеральное государственное бюджетное образовательное учреждение высшего образования ""Донбасский государственный технический университет"" "; https://dstu.dn.ua;Донбасский государственный технический университет
"Федеральное государственное бюджетное образовательное учреждение высшего образования ""Донской государственный технический университет"" "; https://donstu.ru;Донской государственный технический университет
"Федеральное государственное бюджетное образовательное учреждение высшего образования ""Забайкальский государственный университет"" "; https://zabgu.ru;Забайкальский государственный университет
"Федеральное государственное бюджетное образовательное учреждение высшего образования ""Ивановский государственный политехнический университет"" "; https://ivanovo.ac.ru;Ивановский государственный политехнический университет
"Федеральное государственное бюджетное образовательное учреждение высшего образования ""Ивановский государственный энергетический университет имени В.И. Ленина"" "; https://ispu.ru;Ивановский государственный энергетический университет имени В.И. Ленина
"Федеральное государственное бюджетное образовательное учреждение высшего образования ""Ижевский государственный технический университет имени М.Т. Калашникова"" "; https://istu.ru;Ижевский государственный технический университет имени М.Т. Калашникова
"Федеральное государственное бюджетное образовательное учреждение высшего образования ""Ингушский государственный университет"" "; https://inggu.ru;Ингушский государственный университет
"Федеральное государственное бюджетное образовательное учреждение высшего образования ""Иркутский государственный университет"" "; https://isu.ru;Иркутский государственный университет
"Федеральное государственное бюджетное образовательное учреждение высшего образования ""Иркутский национальный исследовательский технический университет"" "; https://www.istu.edu;Иркутский национальный исследовательский технический университет
"Федеральное государственное бюджетное образовательное учреждение высшего образования ""Кабардино-Балкарский государственный университет им. Х.М. Бербекова"" "; https://kbsu.ru;Кабардино-Балкарский государственный университет им. Х.М. Бербекова
"Федеральное государственное бюджетное образовательное учреждение высшего образования ""Казанский государственный энергетический университет"" "; https://kgeu.ru;Казанский государственный энергетический университет
"Федеральное государственное бюджетное образовательное учреждение высшего образования ""Казанский национальный исследовательский технический университет им. А.Н. Туполева – КАИ"" "; https://kai.ru;Казанский национальный исследовательский технический университет им. А.Н. Туполева – КАИ
"Федеральное государственное бюджетное образовательное учреждение высшего образования ""Казанский национальный исследовательский технологический университет"" "; https://www.kstu.ru;Казанский национальный исследовательский технологический университет
"Федеральное государственное бюджетное образовательное учреждение высшего образования ""Калининградский государственный технический университет"" "; https://klgtu.ru;Калининградский государственный технический университет
"Федеральное государственное бюджетное образовательное учреждение высшего образования ""Калмыцкий государственный университет имени Б.Б. Городовикова"" "; https://kalmgu.ru;Калмыцкий государственный университет имени Б.Б. Городовикова
"Федеральное государственное бюджетное образовательное учреждение высшего образования ""Камчатский государственный университет имени Витуса Беринга"" "; https://kamgu.ru;Камчатский государственный университет имени Витуса Беринга
"Федеральное государственное бюджетное образовательное учреждение высшего образования ""Карачаево-Черкесский государственный университет имени У.Д. Алиева"" "; https://kchgu.ru;Карачаево-Черкесский государственный университет имени У.Д. Алиева
"Федеральное государственное бюджетное образовательное учреждение высшего образования ""Кемеровский государственный университет"" "; https://kemsu.ru;Кемеровский государственный университет
"Федеральное государственное бюджетное образовательное учреждение высшего образования ""Ковровская государственная технологическая академия имени В.А. Дегтярева"" "; https://dgta.ru;Ковровская государственная технологическая академия имени В.А. Дегтярева
"Федеральное государственное бюджетное образовательное учреждение высшего образования ""Красноярский государственный педагогический университет им. В.П. Астафьева"" "; https://www.kspu.ru;Красноярский государственный педагогический университет им. В.П. Астафьева
"Федеральное государственное бюджетное образовательное учреждение высшего образования ""Кубанский государственный технологический университет"" "; https://kubstu.ru;Кубанский государственный технологический университет
"Федеральное государственное бюджетное образовательное учреждение высшего образования ""Курганский государственный университет"" "; https://www.kgsu.ru;Курганский государственный университет
"Федеральное государственное бюджетное образовательное учреждение высшего образования ""Курский государственный университет"" "; https://kursksu.ru;Курский государственный университет
"Федеральное государственное бюджетное образовательное учреждение высшего образования ""Марийский государственный университет"" "; https://marsu.ru;Марийский государственный университет
"Федеральное государственное бюджетное образовательное учреждение высшего образования ""МИРЭА – Российский технологический университет"" "; https://www.mirea.ru;МИРЭА – Российский технологический университет
"Федеральное государственное бюджетное образовательное учреждение высшего образования ""Мордовский государственный педагогический университет имени М.Е. Евсевьева"" "; https://mordgpi.ru;Мордовский государственный педагогический университет имени М.Е. Евсевьева
"Федеральное государственное бюджетное образовательное учреждение высшего образования ""Московский авиационный институт (национальный исследовательский университет)"" "; https://mai.ru;Московский авиационный институт (национальный исследовательский университет)
"Федеральное государственное бюджетное образовательное учреждение высшего образования ""Московский автомобильно-дорожный государственный технический университет (МАДИ)"" "; https://www.madi.ru;Московский автомобильно-дорожный государственный технический университет (МАДИ)
"Федеральное государственное бюджетное образовательное учреждение высшего образования ""Московский государственный академический художественный институт имени В.И. Сурикова при Российской академии художеств"" "; https://surikov-vuz.com;Московский государственный академический художественный институт имени В.И. Сурикова при Российской академии художеств
"Федеральное государственное бюджетное образовательное учреждение высшего образования ""Московский государственный лингвистический университет"" "; https://www.linguanet.ru;Московский государственный лингвистический университет
"Федеральное государственное бюджетное образовательное учреждение высшего образования ""Московский государственный психолого-педагогический университет"" "; https://mgppu.ru;Московский государственный психолого-педагогический университет
"Федеральное государственное бюджетное образовательное учреждение высшего образования ""Московский государственный технический университет гражданской авиации"" "; https://www.mstuca.ru;Московский государственный технический университет гражданской авиации
"Федеральное государственное бюджетное образовательное учреждение высшего образования ""Московский государственный университет геодезии и картографии"" "; https://www.miigaik.ru;Московский государственный университет геодезии и картографии
"Федеральное государственное бюджетное образовательное учреждение высшего образования ""Московский государственный университет имени М.В. Ломоносова"" "; https://www.msu.ru;Московский государственный университет имени М.В. Ломоносова
"Федеральное государственное бюджетное образовательное учреждение высшего образования ""Московский педагогический государственный университет"" "; https://mpgu.su;Московский педагогический государственный университет
"Федеральное государственное бюджетное образовательное учреждение высшего образования ""Набережночелнинский государственный педагогический университет"" "; https://ngpu.ru;Набережночелнинский государственный педагогический университет
"Федеральное государственное бюджетное образовательное учреждение высшего образования ""Национальный исследовательский Мордовский государственный университет им. Н.П. Огарева"" "; https://www.mrsu.ru;Национальный исследовательский Мордовский государственный университет им. Н.П. Огарева
"Федеральное государственное бюджетное образовательное учреждение высшего образования ""Национальный исследовательский Московский государственный строительный университет"" "; https://www.mgsu.ru;Национальный исследовательский Московский государственный строительный университет
"Федеральное государственное бюджетное образовательное учреждение высшего образования ""Национальный исследовательский университет «МЭИ»"" "; https://mpei.ru;Национальный исследовательский университет «МЭИ»
"Федеральное государственное бюджетное образовательное учреждение высшего образования ""Нижегородская государственная консерватория им. М.И. Глинки"" "; https://nngk.ru;Нижегородская государственная консерватория им. М.И. Глинки
"Федеральное государственное бюджетное образовательное учреждение высшего образования ""Нижегородский государственный архитектурно-строительный университет"" "; https://www.nngasu.ru;Нижегородский государственный архитектурно-строительный университет
"Федеральное государственное бюджетное образовательное учреждение высшего образования ""Нижегородский государственный лингвистический университет им. Н.А. Добролюбова"" "; https://lunn.ru;Нижегородский государственный лингвистический университет им. Н.А. Добролюбова
"Федеральное государственное бюджетное образовательное учреждение высшего образования ""Нижегородский государственный технический университет им. Р.Е. Алексеева"" "; https://www.nntu.ru;Нижегородский государственный технический университет им. Р.Е. Алексеева
"Федеральное государственное бюджетное образовательное учреждение высшего образования ""Новгородский государственный университет имени Ярослава Мудрого"" "; https://novsu.ru;Новгородский государственный университет имени Ярослава Мудрого
"Федеральное государственное бюджетное образовательное учреждение высшего образования ""Новосибирский государственный технический университет"" "; https://www.nstu.ru;Новосибирский государственный технический университет
"Федеральное государственное бюджетное образовательное учреждение высшего образования ""Новосибирский государственный университет архитектуры, дизайна и искусств имени А.Д. Крячкова"" "; https://nsuada.ru;Новосибирский государственный университет архитектуры, дизайна и искусств имени А.Д. Крячкова
"Федеральное государственное бюджетное образовательное учреждение высшего образования ""Новосибирский государственный университет экономики и управления «НИНХ»"" "; https://nauka-ninh.ru;Новосибирский государственный университет экономики и управления «НИНХ»
"Федеральное государственное бюджетное образовательное учреждение высшего образования ""Омский государственный педагогический университет"" "; https://omgpu.ru;Омский государственный педагогический университет
"Федеральное государственное бюджетное образовательное учреждение высшего образования ""Оренбургский государственный университет"" "; https://osu.ru;Оренбургский государственный университет
"Федеральное государственное бюджетное образовательное учреждение высшего образования ""Орловский государственный университет имени И.С. Тургенева"" "; https://oreluniver.ru;Орловский государственный университет имени И.С. Тургенева
"Федеральное государственное бюджетное образовательное учреждение высшего образования ""Пензенский государственный технологический университет"" "; https://penzgtu.ru;Пензенский государственный технологический университет
"Федеральное государственное бюджетное образовательное учреждение высшего образования ""Пензенский государственный университет архитектуры и строительства"" "; https://www.pguas.ru;Пензенский государственный университет архитектуры и строительства
"Федеральное государственное бюджетное образовательное учреждение высшего образования ""Пензенский государственный университет"" "; https://pnzgu.ru;Пензенский государственный университет
"Федеральное государственное бюджетное образовательное учреждение высшего образования ""Петрозаводский государственный университет"" "; https://petrsu.ru;Петрозаводский государственный университет
"Федеральное государственное бюджетное образовательное учреждение высшего образования ""Псковский государственный университет"" "; https://pskgu.ru;Псковский государственный университет
"Федеральное государственное бюджетное образовательное учреждение высшего образования ""Пятигорский государственный университет"" "; https://pgu.ru;Пятигорский государственный университет
"Федеральное государственное бюджетное образовательное учреждение высшего образования ""Российская академия народного хозяйства и государственной службы при Президенте Российской Федерации"" "; https://www.ranepa.ru;Российская академия народного хозяйства и государственной службы при Президенте Российской Федерации
"Федеральное государственное бюджетное образовательное учреждение высшего образования ""Российская академия живописи, ваяния и зодчества Ильи Глазунова"" "; https://glazunov-academy.ru;Российская академия живописи, ваяния и зодчества Ильи Глазунова
"Федеральное государственное бюджетное образовательное учреждение высшего образования ""Российский биотехнологический университет (РОСБИОТЕХ)"" "; https://rosbiotech.ru;Российский биотехнологический университет (РОСБИОТЕХ)
"Федеральное государственное бюджетное образовательное учреждение высшего образования ""Российский государственный аграрный университет – МСХА имени К.А. Тимирязева"" "; https://www.timacad.ru;Российский государственный аграрный университет – МСХА имени К.А. Тимирязева
"Федеральное государственное бюджетное образовательное учреждение высшего образования ""Российский государственный педагогический университет им. А.И. Герцена"" "; https://www.herzen.spb.ru;Российский государственный педагогический университет им. А.И. Герцена
"Федеральное государственное бюджетное образовательное учреждение высшего образования ""Российский государственный университет правосудия имени В.М. Лебедева"" "; https://rgup.ru;Российский государственный университет правосудия имени В.М. Лебедева
"Федеральное государственное бюджетное образовательное учреждение высшего образования ""Российский государственный художественно-промышленный университет им. С.Г. Строганова"" "; https://stroganovacademy.ru;Российский государственный художественно-промышленный университет им. С.Г. Строганова
"Федеральное государственное бюджетное образовательное учреждение высшего образования ""Российский химико-технологический университет имени Д.И. Менделеева"" "; https://www.muctr.ru;Российский химико-технологический университет имени Д.И. Менделеева
"Федеральное государственное бюджетное образовательное учреждение высшего образования ""Российский экономический университет имени Г.В. Плеханова"" "; https://www.rea.ru;Российский экономический университет имени Г.В. Плеханова
"Федеральное государственное бюджетное образовательное учреждение высшего образования ""Ростовский государственный экономический университет (РИНХ)"" "; https://rsue.ru;Ростовский государственный экономический университет (РИНХ)
"Федеральное государственное бюджетное образовательное учреждение высшего образования ""Рязанский государственный университет имени С.А. Есенина"" "; https://rsu.edu.ru;Рязанский государственный университет имени С.А. Есенина
"Федеральное государственное бюджетное образовательное учреждение высшего образования ""Самарский государственный технический университет"" "; https://samgtu.ru;Самарский государственный технический университет
"Федеральное государственное бюджетное образовательное учреждение высшего образования ""Санкт-Петербургский горный университет императрицы Екатерины II"" "; https://spmi.ru;Санкт-Петербургский горный университет императрицы Екатерины II
"Федеральное государственное бюджетное образовательное учреждение высшего образования ""Санкт-Петербургский государственный морской технический университет"" "; https://www.smtu.ru;Санкт-Петербургский государственный морской технический университет
"Федеральное государственное бюджетное образовательное учреждение высшего образования ""Санкт-Петербургский государственный университет промышленных технологий и дизайна"" "; https://sutd.ru;Санкт-Петербургский государственный университет промышленных технологий и дизайна
"Федеральное государственное бюджетное образовательное учреждение высшего образования ""Санкт-Петербургский государственный университет телекоммуникаций им. проф. М.А. Бонч-Бруевича"" "; https://www.sut.ru;Санкт-Петербургский государственный университет телекоммуникаций им. проф. М.А. Бонч-Бруевича
"Федеральное государственное бюджетное образовательное учреждение высшего образования ""Санкт-Петербургский государственный университет"" "; https://spbu.ru;Санкт-Петербургский государственный университет
"Федеральное государственное бюджетное образовательное учреждение высшего образования ""Санкт-Петербургский государственный экономический университет"" "; https://unecon.ru;Санкт-Петербургский государственный экономический университет
"Федеральное государственное бюджетное образовательное учреждение высшего образования ""Саратовский государственный технический университет имени Гагарина Ю.А."" "; https://www.sstu.ru;Саратовский государственный технический университет имени Гагарина Ю.А.
"Федеральное государственное бюджетное образовательное учреждение высшего образования ""Саратовский национальный исследовательский государственный университет имени Н.Г. Чернышевского"" "; https://www.sgu.ru;Саратовский национальный исследовательский государственный университет имени Н.Г. Чернышевского
"Федеральное государственное бюджетное образовательное учреждение высшего образования ""Северо-Восточный государственный университет"" "; https://svgu.ru;Северо-Восточный государственный университет
"Федеральное государственное бюджетное образовательное учреждение высшего образования ""Северо-Кавказский горно-металлургический институт (государственный технологический университет)"" "; https://skgmi-gtu.ru;Северо-Кавказский горно-металлургический институт (государственный технологический университет)
"Федеральное государственное бюджетное образовательное учреждение высшего образования ""Северо-Осетинский государственный университет имени Коста Левановича Хетагурова"" "; https://www.nosu.ru;Северо-Осетинский государственный университет имени Коста Левановича Хетагурова
"Федеральное государственное бюджетное образовательное учреждение высшего образования ""Сибирский государственный медицинский университет"" Министерства здравоохранения Российской Федерации "; https://www.ssmu.ru;Сибирский государственный медицинский университет
"Федеральное государственное бюджетное образовательное учреждение высшего образования ""Сибирский государственный университет науки и технологий имени академика М.Ф. Решетнева"" "; https://www.sibsau.ru;Сибирский государственный университет науки и технологий имени академика М.Ф. Решетнева
"Федеральное государственное бюджетное образовательное учреждение высшего образования ""Сибирский государственный университет телекоммуникаций и информатики"" "; https://www.sibsutis.ru;Сибирский государственный университет телекоммуникаций и информатики
"Федеральное государственное бюджетное образовательное учреждение высшего образования ""Смоленский государственный университет"" "; https://smolgu.ru;Смоленский государственный университет
"Федеральное государственное бюджетное образовательное учреждение высшего образования ""Ставропольский государственный аграрный университет"" "; https://stgau.ru;Ставропольский государственный аграрный университет
"Федеральное государственное бюджетное образовательное учреждение высшего образования ""Сыктывкарский государственный университет имени Питирима Сорокина"" "; https://syktsu.ru;Сыктывкарский государственный университет имени Питирима Сорокина
"Федеральное государственное бюджетное образовательное учреждение высшего образования ""Тамбовский государственный технический университет"" "; https://www.tstu.ru;Тамбовский государственный технический университет
"Федеральное государственное бюджетное образовательное учреждение высшего образования ""Тамбовский государственный университет имени Г.Р. Державина"" "; https://www.tsutmb.ru;Тамбовский государственный университет имени Г.Р. Державина
"Федеральное государственное бюджетное образовательное учреждение высшего образования ""Тверской государственный университет"" "; https://tversu.ru;Тверской государственный университет
"Федеральное государственное бюджетное образовательное учреждение высшего образования ""Технологический университет имени дважды Героя Советского Союза, летчика-космонавта А.А. Леонова"" "; https://tu-korolev.ru;Технологический университет имени дважды Героя Советского Союза, летчика-космонавта А.А. Леонова
"Федеральное государственное бюджетное образовательное учреждение высшего образования ""Тихоокеанский государственный университет"" "; https://pnu.edu.ru;Тихоокеанский государственный университет
"Федеральное государственное бюджетное образовательное учреждение высшего образования ""Тольяттинский государственный университет"" "; https://www.tltsu.ru;Тольяттинский государственный университет
"Федеральное государственное бюджетное образовательное учреждение высшего образования ""Томский государственный архитектурно-строительный университет"" "; https://www.tsuab.ru;Томский государственный архитектурно-строительный университет
"Федеральное государственное бюджетное образовательное учреждение высшего образования ""Томский государственный педагогический университет"" "; https://tspu.edu.ru;Томский государственный педагогический университет
"Федеральное государственное бюджетное образовательное учреждение высшего образования ""Тувинский государственный университет"" "; https://tuvsu.ru;Тувинский государственный университет
"Федеральное государственное бюджетное образовательное учреждение высшего образования ""Тульский государственный педагогический университет им. Л.Н. Толстого"" "; https://www.tspu.tula.ru;Тульский государственный педагогический университет им. Л.Н. Толстого
"Федеральное государственное бюджетное образовательное учреждение высшего образования ""Тульский государственный университет"" "; https://www.tsu.tula.ru;Тульский государственный университет
"Федеральное государственное бюджетное образовательное учреждение высшего образования ""Тюменский индустриальный университет"" "; https://www.tyuiu.ru;Тюменский индустриальный университет
"Федеральное государственное бюджетное образовательное учреждение высшего образования ""Удмуртский государственный университет"" "; https://udsu.ru;Удмуртский государственный университет
"Федеральное государственное бюджетное образовательное учреждение высшего образования ""Ульяновский государственный технический университет"" "; https://ulstu.ru;Ульяновский государственный технический университет
"Федеральное государственное бюджетное образовательное учреждение высшего образования ""Ульяновский государственный университет"" "; https://ulsu.ru;Ульяновский государственный университет
"Федеральное государственное бюджетное образовательное учреждение высшего образования ""Университет «Дубна»"" "; https://uni-dubna.ru;Университет «Дубна»
"Федеральное государственное бюджетное образовательное учреждение высшего образования ""Уральский государственный экономический университет"" "; https://usue.ru;Уральский государственный экономический университет
"Федеральное государственное бюджетное образовательное учреждение высшего образования ""Уральский государственный юридический университет имени В.Ф. Яковлева"" "; https://www.usla.ru;Уральский государственный юридический университет имени В.Ф. Яковлева
"Федеральное государственное бюджетное образовательное учреждение высшего образования ""Уфимский государственный нефтяной технический университет"" "; https://ugntu.ru;Уфимский государственный нефтяной технический университет
"Федеральное государственное бюджетное образовательное учреждение высшего образования ""Уфимский университет науки и технологий"" "; https://uust.ru;Уфимский университет науки и технологий
"Федеральное государственное бюджетное образовательное учреждение высшего образования ""Ухтинский государственный технический университет"" "; https://www.ugtu.net;Ухтинский государственный технический университет
"Федеральное государственное бюджетное образовательное учреждение высшего образования ""Хакасский государственный университет им. Н.Ф. Катанова"" "; https://khsu.ru;Хакасский государственный университет им. Н.Ф. Катанова
"Федеральное государственное бюджетное образовательное учреждение высшего образования ""Челябинский государственный университет"" "; https://www.csu.ru;Челябинский государственный университет
"Федеральное государственное бюджетное образовательное учреждение высшего образования ""Чеченский государственный университет имени Ахмата Абдулхамидовича Кадырова"" "; https://chesu.ru;Чеченский государственный университет имени Ахмата Абдулхамидовича Кадырова
"Федеральное государственное бюджетное образовательное учреждение высшего образования ""Чувашский государственный педагогический университет им. И.Я. Яковлева"" "; https://chgpu.edu.ru;Чувашский государственный педагогический университет им. И.Я. Яковлева
"Федеральное государственное бюджетное образовательное учреждение высшего образования ""Чувашский государственный университет имени И.Н. Ульянова"" "; https://www.chuvsu.ru;Чувашский государственный университет имени И.Н. Ульянова
"Федеральное государственное бюджетное образовательное учреждение высшего образования ""Юго-Западный государственный университет"" "; https://swsu.ru;Юго-Западный государственный университет
"Федеральное государственное бюджетное образовательное учреждение высшего образования ""Югорский государственный университет"" "; https://www.ugrasu.ru;Югорский государственный университет
"Федеральное государственное бюджетное образовательное учреждение высшего образования ""Южно-Российский государственный политехнический университет (НПИ) имени М.И. Платова"" "; https://www.npi-tu.ru;Южно-Российский государственный политехнический университет (НПИ) имени М.И. Платова
"Федеральное государственное бюджетное образовательное учреждение высшего образования ""Южно-Уральский государственный гуманитарно-педагогический университет"" "; https://www.cspu.ru;Южно-Уральский государственный гуманитарно-педагогический университет
"Федеральное государственное бюджетное образовательное учреждение высшего образования ""Ярославский государственный медицинский университет"" Министерства здравоохранения Российской Федерации "; https://ysmu.ru;Ярославский государственный медицинский университет
"Федеральное государственное бюджетное образовательное учреждение высшего образования ""Ярославский государственный технический университет"" "; https://ystu.ru;Ярославский государственный технический университет
"Федеральное государственное бюджетное образовательное учреждение высшего образования ""Ярославский государственный университет им. П.Г. Демидова"" "; https://www.uniyar.ac.ru;Ярославский государственный университет им. П.Г. Демидова
Федеральное государственное бюджетное учреждение науки Институт космических исследований Российской академии наук ; https://iki.cosmos.ru;Федеральное государственное бюджетное учреждение науки Институт космических исследований Российской академии наук 
Федеральное государственное бюджетное учреждение науки Институт теоретической физики им. Л.Д. Ландау Российской академии наук ; https://itp.ac.ru;Федеральное государственное бюджетное учреждение науки Институт теоретической физики им. Л.Д. Ландау Российской академии наук 
Федеральное государственное бюджетное учреждение науки Ордена Трудового Красного Знамени Институт солнечно-земной физики Сибирского отделения Российской академии наук ; https://iszf.irk.ru;Федеральное государственное бюджетное учреждение науки Ордена Трудового Красного Знамени Институт солнечно-земной физики Сибирского отделения Российской академии наук 
"Федеральное государственное казенное образовательное учреждение высшего образования ""Академия Федеральной службы безопасности Российской Федерации"" "; https://academy.fsb.ru;Академия Федеральной службы безопасности Российской Федерации
"Федеральное государственное казенное образовательное учреждение высшего образования ""Нижегородская академия Министерства внутренних дел Российской Федерации"" "; https://na.mvd.ru;Нижегородская академия Министерства внутренних дел Российской Федерации
"Федеральное государственное казенное общеобразовательное учреждение ""Тюменское президентское кадетское училище"" "; https://tpku.mil.ru;Тюменское президентское кадетское училище
"Федеральное государственное образовательное бюджетное учреждение высшего образования ""Финансовый университет при Правительстве Российской Федерации"" "; https://www.fa.ru;Финансовый университет при Правительстве Российской Федерации
"Частное образовательное учреждение высшего образования ""Московский университет имени С.Ю. Витте"" "; https://www.muiv.ru;Московский университет имени С.Ю. Витте
"Частное образовательное учреждение высшего образования ""Санкт-Петербургский университет технологий управления и экономики"" "; https://www.spbume.ru;Санкт-Петербургский университет технологий управления и экономики
Министерство образования Оренбургской области ; https://minobr.orb.ru;Министерство образования Оренбургской области 
Министерство образования Свердловской области ; https://minobraz.egov66.ru;Министерство образования Свердловской области 
Министерство образования Тульской области ; https://education.tularegion.ru;Министерство образования Тульской области 
Министерство просвещения и воспитания Ульяновской области ; https://education.ulgov.ru;Министерство просвещения и воспитания Ульяновской области 
Министерство просвещения Российской Федерации ; https://edu.gov.ru;Министерство просвещения Российской Федерации 
Министерство сельского хозяйства Российской Федерации ; https://mcx.gov.ru;Министерство сельского хозяйства Российской Федерации 
"Негосударственное образовательное учреждение высшего образования ""Российская экономическая школа"" (институт) "; https://www.nes.ru;Российская экономическая школа
"образования ""Санкт-Петербургский государственный электротехнический университет ""ЛЭТИ"" им. В.И. Ульянова (Ленина)"" "; https://etu.ru; им. В.И. Ульянова (Ленина)
"Образовательное частное учреждение высшего образования ""Православный Свято-Тихоновский гуманитарный университет"" "; https://pstgu.ru;Православный Свято-Тихоновский гуманитарный университет
"Ордена Трудового Красного Знамени федеральное государственное бюджетное образовательное учреждение высшего образования ""Московский технический университет связи и информатики"" "; https://mtuci.ru;Московский технический университет связи и информатики
Федеральная служба по надзору в сфере защиты прав потребителей и благополучия человека ; https://rospotrebnadzor.ru;Федеральная служба по надзору в сфере защиты прав потребителей и благополучия человека 
Федеральное агентство по делам Содружества Независимых Государств, соотечественников, проживающих за рубежом, и по международному гуманитарному сотрудничеству ; https://rs.gov.ru;Федеральное агентство по делам Содружества Независимых Государств, соотечественников, проживающих за рубежом, и по международному гуманитарному сотрудничеству 
Федеральное государственное автономное образовательное учреждение высшего ; ;Федеральное государственное автономное образовательное учреждение высшего 
"Федеральное государственное автономное образовательное учреждение высшего образования ""Балтийский федеральный университет имени Иммануила Канта"" "; https://kantiana.ru;Балтийский федеральный университет имени Иммануила Канта
"Федеральное государственное автономное образовательное учреждение высшего образования ""Белгородский государственный национальный исследовательский университет"" "; https://www.bsu.edu.ru;Белгородский государственный национальный исследовательский университет
"Федеральное государственное автономное образовательное учреждение высшего образования ""Волгоградский государственный университет"" "; https://volsu.ru;Волгоградский государственный университет
"Федеральное государственное автономное образовательное учреждение высшего образования ""Государственный университет просвещения"" "; https://guppros.ru;Государственный университет просвещения
"Федеральное государственное автономное образовательное учреждение высшего образования ""Дальневосточный федеральный университет"" "; https://www.dvfu.ru;Дальневосточный федеральный университет
"Федеральное государственное автономное образовательное учреждение высшего образования ""Казанский (Приволжский) федеральный университет"" "; https://kpfu.ru;Казанский (Приволжский) федеральный университет
"Федеральное государственное автономное образовательное учреждение высшего образования ""Крымский федеральный университет имени В.И. Вернадского"" "; https://cfuv.ru;Крымский федеральный университет имени В.И. Вернадского
"Федеральное государственное автономное образовательное учреждение высшего образования ""Московский государственный институт международных отношений (университет) Министерства иностранных дел Российской Федерации"" "; https://mgimo.ru;Московский государственный институт международных отношений (университет) Министерства иностранных дел Российской Федерации
"Федеральное государственное автономное образовательное учреждение высшего образования ""Московский государственный технический университет имени Н.Э. Баумана (национальный исследовательский университет)"" "; https://bmstu.ru;Московский государственный технический университет имени Н.Э. Баумана (национальный исследовательский университет)
"Федеральное государственное автономное образовательное учреждение высшего образования ""Московский государственный технологический университет ""СТАНКИН"" "; https://stankin.ru;Московский государственный технологический университет 
"Федеральное государственное автономное образовательное учреждение высшего образования ""Московский государственный юридический университет имени О.Е. Кутафина (МГЮА)"" "; https://msal.ru;Московский государственный юридический университет имени О.Е. Кутафина (МГЮА)
